id;name;email;phone
1;Isle;Barrett_Hoeger@gmail.com;1-695-655-5380 x473
2;Generic Enterprise-wide Frozen;Miguel21@hotmail.com;790-691-7954 x4780
3;drive;Brendan91@hotmail.com;231.710.9895
4;system engine Australian Dollar;Lane_Wyman@yahoo.com;(728) 470-8856 x164
5;Handcrafted;Kamren.Prosacco86@gmail.com;561.051.5945
6;monetize;Flavio34@yahoo.com;341.232.8069
7;generating strategize;Clotilde6@yahoo.com;(708) 318-3458
8;invoice Investment Account Bedfordshire;Cynthia45@gmail.com;752-325-1250
9;Refined Cotton Sausages Solomon Islands Dollar;Dave_Heller73@gmail.com;1-527-464-3866 x594
10;internet solution;Jevon14@yahoo.com;373.378.4781
